trans	DIA	HORA	X_Estimate	Y_Estimate	POS
41	110710	1156	203441,33	7567795,18	A
41	110710	1835	203486,04	7567869,75	H
41	110710	1836	203562,42	7567923,23	H
41	110710	1837	203504,62	7567882,75	V
41	110710	1844	203414,98	7567919,43	H
41	110710	1845	203422,47	7567928,35	H
41	110710	2255	205175,25	7568680,64	V
41	120710	1833	203529,91	7567821,46	H
41	120710	1834	204496,03	7567736,94	H
41	120710	1836	203698,22	7568068,99	V
41	120710	1841	203533,37	7567953,57	H
41	120710	2035	205179,26	7568738,25	H
41	120710	2125	205153,00	7568722,36	H
41	140710	1827	203443,23	7567795,93	V
41	140710	1830	203401,13	7567706,56	H
41	140710	1831	203696,34	7567842,14	H
41	140710	1832	203480,29	7567869,76	H
41	140710	2027	205172,06	7568838,37	V
41	140710	2035	205173,87	7568835,09	H
41	140710	2036	205199,00	7568820,58	H
41	140710	2038	205246,22	7568793,32	H
41	110710	1844	203434,34	7567908,33	H
41	110710	1837	203513,16	7567833,96	V
41	110710	1837	203397,57	7567920,13	V
41	110710	2255	205130,24	7568675,38	V
41	120710	1836	203870,57	7567971,26	V
41	120710	2040	205191,81	7568694,51	V
41	120710	1834	203635,16	7567695,37	H
41	120710	1840	203717,05	7567930,12	H
41	120710	2040	205154,53	7568704,50	H
41	140710	1827	203438,75	7567754,28	V
41	140710	1831	203478,07	7567667,48	H
41	140710	1832	203680,74	7567806,96	H
41	140710	2028	205166,38	7568835,84	V
41	140710	2036	205169,97	7568828,22	H
41	140710	2038	205213,84	7568775,94	V
42	200710	1820	203412,17	7567549,36	H
42	200710	1824	203387,81	7567617,34	H
42	200710	1825	203429,66	7567620,47	H
42	200710	1829	203587,25	7567432,65	H
42	200710	1842	203464,14	7567477,02	V
42	200710	1857	203762,56	7567368,40	H
42	200710	1910	203121,83	7566452,10	V
42	200710	1911	203206,15	7566532,40	V
42	200710	1921	203485,32	7566650,25	V
42	200710	1922	203299,20	7566346,39	V
42	200710	1923	203598,15	7566348,25	V
42	200710	1925	203196,28	7566505,69	V
42	200710	2017	203352,72	7566282,61	V
42	200710	2026	203738,52	7566312,12	V
42	200710	2052	208583,72	7563388,62	V
42	200710	2105	204357,98	7566313,81	H
42	200710	211200	203299,77	7566582,71	H
42	200710	211201	203218,70	7566553,21	H
42	200710	211300	203399,05	7566423,04	H
42	200710	211301	203738,52	7566312,12	H
42	200710	211400	203290,50	7566488,93	H
42	200710	211401	203179,69	7566506,71	H
42	200710	211500	205174,59	7565984,09	H
42	200710	211501	203187,91	7566527,12	H
42	200710	2117	203738,51	7566423,04	H
42	200710	2118	203423,99	7566478,50	V
42	200710	2121	203527,53	7566270,88	H
42	200710	2125	203433,78	7566423,04	V
42	200710	2147	203629,31	7566122,92	H
42	200710	1800	205602,56	7568972,35	A
42	210710	1800	203552,56	7567727,95	A
42	210710	1851	206159,84	7565605,69	H
42	210710	2156	202171,88	7567194,40	H
42	220710	1710	203414,23	7567554,30	A
42	220710	1845	203609,90	7566765,50	H
42	220710	1846	203611,42	7566761,33	V
42	220710	1847	203673,37	7566591,12	H
42	220710	1848	203755,02	7566736,00	V
42	220710	1857	203685,59	7566856,26	H
42	220710	185800	203727,85	7566441,43	V
42	220710	185801	203686,22	7565693,84	H
42	220710	185900	203543,81	7566501,48	H
42	220710	185901	204266,89	7564098,46	H
42	220710	190000	204266,89	7564098,46	H
42	220710	190001	204481,41	7565809,12	H
42	220710	190100	203697,21	7566525,63	H
42	220710	190101	204218,18	7565592,79	H
42	220710	190200	203820,70	7566622,25	V
42	220710	190201	203921,33	7566447,96	H
42	220710	190202	204387,34	7566178,91	H
42	220710	1903	204839,18	7565918,03	V
42	220710	192900	203864,73	7566545,99	H
42	220710	192901	203517,34	7566651,57	H
42	220710	193000	203702,69	7566510,55	H
42	220710	193001	205212,08	7565196,02	H
42	220710	193100	204387,34	7566178,91	V
42	220710	193101	204190,68	7566413,27	H
42	220710	1932	203888,09	7566656,48	V
42	220710	1950	203519,84	7566731,75	H
42	220710	195100	204148,24	7565309,96	H
42	220710	195101	203469,33	7566708,92	H
42	220710	195102	203629,73	7566523,77	H
42	220710	1952	204210,72	7566655,65	H
42	220710	1953	203955,56	7566387,62	V
42	220710	2031	203519,84	7566731,75	H
42	220710	2032	203347,32	7566804,01	H
42	220710	203300	203738,55	7566901,97	H
42	220710	203301	203591,56	7566764,83	H
42	220710	203302	203598,18	7566550,24	H
42	220710	203400	204005,54	7566480,33	H
42	220710	203401	204026,02	7566265,58	H
42	220710	203700	203870,36	7566073,44	H
42	220710	203701	203787,57	7566525,18	V
42	220710	2046	203517,61	7566157,08	H
42	220710	204700	203536,32	7566638,28	H
42	220710	204701	203655,69	7566663,24	H
42	220710	204702	203469,33	7566708,92	H
42	220710	204800	204646,86	7565564,43	H
42	220710	204801	204292,38	7565804,22	V
42	220710	205700	206125,32	7567322,82	H
42	220710	205701	204049,57	7566956,81	H
42	220710	205800	203815,77	7567177,18	H
42	220710	205801	205226,71	7567164,37	H
42	220710	2107	203438,03	7567358,48	V
43	280710	1825	203937,09	7567142,95	H
43	280710	1828	204061,36	7567745,97	H
43	280710	182900	203404,40	7567630,13	H
43	280710	182901	203684,28	7567679,48	H
43	280710	1830	203595,26	7567730,61	H
43	280710	1831	203514,13	7567649,48	H
43	290710	182200	203477,25	7567611,46	H
43	290710	182201	203405,76	7567616,06	H
43	290710	1823	203406,91	7567630,07	H
43	290710	1824	203512,88	7567781,41	H
43	290710	1828	203466,68	7567888,67	V
43	290710	1829	203410,19	7567873,54	V
43	290710	183200	203477,49	7567875,80	H
43	290710	183201	203417,46	7567900,76	H
43	290710	183202	203470,20	7568088,24	H
43	290710	1841	203750,26	7568858,16	V
43	290710	1847	203768,02	7568850,67	H
43	290710	1849	203767,84	7568844,61	H
43	300710	1733	203711,51	7567473,00	V
43	280710	1800	203453,92	7567453,10	A
43	280710		203655,58	7567119,51	H
43	280710		204131,09	7567488,03	H
43	280710		203453,01	7567607,60	H
43	280710		204861,67	7567754,11	H
43	280710		203566,26	7567587,63	H
43	290710		203454,51	7567862,52	V
43	290710		203394,40	7567867,78	V
43	290710		203478,91	7567564,72	H
43	290710		203414,12	7567588,76	H
43	290710		203427,49	7567605,57	H
43	290710		203456,24	7567850,43	H
43	290710		203413,94	7567888,16	H
43	300710		203706,06	7567480,66	V
43	300710		203724,94	7567503,18	H
44	10810	1707	203507,57	7567588,94	A
44	10810	2022	203009,97	7568674,75	V
44	10810	205700	203136,14	7568904,07	H
44	10810	205701	203096,19	7568880,97	H
44	10810	2059	203133,29	7568924,30	H
44	10810	2100	203070,13	7568859,43	H
44	10810	2101	203029,63	7568871,23	V
44	10810	2123	203114,26	7568906,54	V
44	10810	212400	203180,61	7568656,26	H
44	10810	212401	203073,86	7568808,73	V
44	10810	213901	203026,15	7568897,95	H
44	10810	213903	203026,15	7568897,95	H
44	10810	2141	203032,62	7568752,74	H
44	10810	2158	203027,04	7568824,72	V
44	10810	2159	203013,64	7568819,85	H
44	10810	2200	202997,89	7568715,93	V
44	10810	2206	203040,34	7568762,86	H
44	10810	220700	203042,07	7568841,17	H
44	10810	220701	203058,68	7568862,68	H
44	10810	2208	203033,28	7568848,01	H
44	10810	2209	203067,32	7568826,66	V
44	10810	2210	203036,63	7568849,95	V
44	10810	2234	203048,16	7568811,14	H
44	10810	2235	203639,06	7568602,43	H
44	20810	184500	204811,89	7568465,92	H
44	20810	184501	204433,74	7568796,50	H
44	20810	1845	206468,43	7573005,01	H
44	20810	1846	210457,17	7577758,60	H
44	20810	1848	203365,74	7569449,20	H
44	20810	1932	202894,74	7568698,91	H
44	20810	1933	203183,15	7568585,25	H
44	20810	1935	202882,81	7568694,57	V
44	20810	195900	203074,86	7568794,80	H
44	20810	195901	203373,45	7568551,70	V
44	20810	200000	203720,29	7568313,82	H
44	20810	200001	203162,62	7568553,68	H
44	20810	200002	202960,02	7568571,96	H
44	20810	200003	202955,43	7568641,13	H
44	20810	200400	203453,65	7568537,56	H
44	20810	200401	203295,51	7568611,37	H
44	20810	2006	203044,31	7568878,75	V
44	20810	2025	203043,11	7568877,74	H
44	20810	2026	203062,67	7568828,30	H
44	20810	2125	203049,25	7568854,72	V
44	20810	2126	203058,05	7568839,47	V
44	20810	2134	203045,76	7568868,29	V
44	30810	1826	203519,26	7567593,95	V
44	30810	1830	203574,72	7567636,66	V
44	30810	1833	203507,89	7567663,69	V
44	30810	1834	203498,09	7567628,63	H
44	30810	1835	203524,73	7567694,50	H
44	30810	1836	203492,42	7567655,31	H
44	30810	1853	203041,83	7568707,37	V
44	30810	1856	203049,32	7568792,02	V
44	30810	185900	202928,54	7568737,73	H
44	30810	185901	203002,19	7568768,90	H
44	30810	185902	203003,39	7568728,28	H
44	30810	185903	203106,93	7568932,73	H
44	30810	190000	202969,97	7568787,10	H
44	30810	190001	203100,85	7568927,62	H
44	30810	190002	203080,49	7568800,38	H
44	30810	190100	203106,93	7568807,46	H
44	30810	190101	203091,08	7568891,17	H
44	30810	190102	203079,59	7568637,86	H
44	30810	190103	203138,61	7568770,66	H
44	30810	1902	203106,93	7568646,43	V
44	30810	191000	203108,35	7568851,63	H
44	30810	191001	203086,06	7568875,12	H
44	30810	191002	203028,76	7568800,07	H
44	30810	191100	203074,77	7568905,74	H
44	30810	191101	203004,62	7568791,28	H
44	30810	191200	203081,71	7568868,70	H
44	30810	191201	203030,70	7568815,42	H
44	30810	1913	203073,62	7568878,94	H
44	30810	191401	203071,56	7568903,05	H
44	30810	191402	203017,61	7568748,70	H
44	30810	1915	203055,89	7568778,37	V
44	30810	1928	203021,89	7568760,44	H
44	30810	192900	203004,84	7568681,02	H
44	30810	192901	203071,10	7568681,91	H
44	30810	193000	203188,58	7568695,63	H
44	30810	193001	203014,84	7568675,24	H
44	30810	193002	203045,74	7568720,82	H
44	30810	193100	202980,03	7568748,70	H
44	30810	193101	202982,60	7568783,27	H
44	30810	193200	202999,59	7568748,70	H
44	30810	193201	203058,52	7568748,70	H
44	30810	195100	203153,00	7568771,92	H
44	30810	195101	203041,80	7568775,89	H
44	30810	195200	202959,61	7568729,41	H
44	30810	195202	202975,89	7568748,70	H
44	30810	1953	203235,76	7568741,22	H
44	30810	195400	203018,20	7568687,80	H
44	30810	195401	203002,40	7568706,92	V
44	30810	200300	203066,30	7568748,70	H
44	30810	200301	202968,10	7568681,16	H
44	30810	200302	203040,82	7568692,93	H
44	30810	200303	203022,34	7568588,13	H
44	30810	200400	203007,55	7568648,06	H
44	30810	200401	203108,26	7568621,31	H
44	30810	200500	203081,71	7568636,64	H
44	30810	200501	203035,59	7568663,26	H
44	30810	200600	203049,43	7568555,85	H
44	30810	200601	202968,10	7568681,16	H
44	30810	201100	203040,82	7568692,93	H
44	30810	201101	203081,71	7568714,47	H
44	30810	201102	202968,10	7568681,16	H
44	30810	2012	202978,28	7568640,64	V
44	30810	201500	203029,64	7568629,52	H
44	30810	201501	203006,06	7568716,96	H
44	30810	201502	202923,10	7568735,78	H
44	30810	2016	202981,19	7568750,71	H
44	30810	2017	202973,53	7568737,44	H
44	30810	2018	203004,83	7568713,60	H
44	30810	2019	202973,31	7568692,34	H
44	30810	204100	203049,43	7568555,85	H
44	30810	204101	203081,71	7568678,05	H
44	30810	204102	203081,71	7568714,47	H
44	30810	2041	203050,66	7568748,70	V
44	30810	2100	203081,71	7568636,64	H
46	310710	1800	203786,07	7568882,22	A
46	40810	1844	203011,49	7568917,78	H
46	40810	1913	203357,88	7568782,06	H
46	40810	191400	203383,93	7568772,58	H
46	40810	191401	203334,77	7568792,83	H
46	40810	191402	203334,57	7568809,83	H
46	40810	1915	203333,45	7568811,17	H
46	40810	1934	203370,76	7568823,11	H
46	40810	193500	203267,47	7568889,81	H
46	40810	193501	203211,66	7569098,69	H
46	40810	1937	202580,85	7569223,06	H
46	40810	1943	203272,46	7569076,98	H
46	40810	1946	203478,48	7568661,10	H
46	40810	194700	203591,03	7568780,37	H
46	40810	194701	203491,31	7568681,27	H
46	40810	194702	203498,66	7568775,58	H
46	40810	1948	203502,20	7568795,60	H
46	40810	1949	203495,35	7568706,30	H
46	40810	1950	203543,46	7568788,76	H
46	40810	2028	203755,82	7568782,11	H
46	40810	202900	203686,26	7568718,88	H
46	40810	202901	203718,08	7568625,32	H
46	40810	2033	203798,86	7568721,07	V
46	40810	203400	203853,49	7568722,95	H
46	40810	203401	203590,52	7568743,92	H
46	40810	204000	203322,02	7568785,65	H
46	40810	204001	203343,69	7568870,75	H
46	40810	2041	203182,09	7568784,11	H
46	40810	2047	203306,10	7568825,95	V
46	40810	205200	203255,94	7568766,17	H
46	40810	205201	203206,36	7568786,55	H
46	40810	205202	203305,18	7568869,48	H
46	40810	210200	203251,28	7568663,12	H
46	40810	210201	202927,44	7568374,67	H
46	40810	210300	203141,85	7568808,30	H
46	40810	210301	203020,62	7568630,70	H
46	40810	210302	202927,44	7568374,67	H
46	40810	210400	202839,35	7568633,65	H
46	40810	210401	203061,88	7568665,32	H
46	40810	210402	202130,61	7566185,40	H
46	40810	210403	203020,62	7568630,70	H
46	40810	2105	203020,62	7568630,70	V
46	40810	210900	203141,85	7568630,20	H
46	40810	210901	203093,98	7568692,25	H
46	50810	1829	203985,48	7570166,32	V
46	50810	1831	203559,46	7569115,41	H
46	50810	183200	203437,33	7569257,74	H
46	50810	183201	203927,97	7569748,38	H
46	50810	1835	203877,10	7568926,96	V
46	50810	183600	203867,64	7568832,00	H
46	50810	183601	203979,64	7568882,24	H
46	50810	1837	203861,42	7568901,89	H
46	50810	185701	203696,82	7568778,04	H
46	50810	185702	203002,46	7569029,56	H
46	50810	1858	203651,82	7568804,02	H
46	50810	1909	203135,19	7568930,08	H
46	50810	1910	203173,30	7568908,08	H
46	50810	1911	203196,34	7568894,78	H
46	50810	1913	203228,44	7568876,25	V
46	50810	192100	203178,82	7568904,89	H
46	50810	192101	203128,31	7568826,49	H
46	50810	192200	203187,25	7568807,60	H
46	50810	192201	203228,44	7568736,25	H
46	50810	192202	203316,29	7568799,84	H
46	50810	192203	203172,99	7568922,30	H
46	50810	192300	203185,69	7568909,64	H
46	50810	192301	203153,84	7568865,46	H
46	50810	192302	203281,89	7568738,05	H
46	50810	192303	203251,83	7568773,88	H
46	50810	1928	203179,81	7568859,71	H
46	50810	1929	203322,45	7568878,38	H
46	50810	2018	203190,24	7568951,21	V
46	50810	201900	203174,14	7568892,03	H
46	50810	201901	203144,91	7568941,66	H
46	50810	201902	203129,73	7568886,26	H
46	50810	2021	203015,08	7568786,94	H
46	50810	202200	202962,02	7568469,87	H
46	50810	202201	203133,02	7568904,94	H
46	50810	202300	203144,91	7568935,30	H
46	50810	202301	203052,05	7568445,73	H
46	50810	202400	203070,24	7568767,19	H
46	50810	202403	203124,86	7568937,63	H
46	50810	205600	203174,40	7568947,60	H
46	50810	205601	203145,18	7568971,34	H
46	50810	205602	203089,96	7568660,75	H
46	50810	205605	203142,81	7568969,36	H
46	50810	205700	203088,10	7568873,96	H
46	50810	205703	203068,39	7568881,16	H
46	50810	2112	203048,22	7568937,16	H
46	50810	211500	203106,68	7568867,31	H
46	50810	211501	203074,50	7568821,36	H
46	50810	211601	203152,70	7568950,94	H
46	50810	211602	203136,24	7568923,20	H
46	50810	211700	203100,89	7568877,95	H
46	50810	211701	203143,53	7568969,96	H
46	50810	211702	203092,04	7568827,11	H
46	50810	2118	203144,91	7568971,12	H
46	50810	2119	203141,41	7568968,18	H
46	60810	1800	203717,62	7569326,47	A
46	60810	183700	203599,99	7569044,81	H
46	60810	183701	203277,73	7569085,05	H
46	60810	183702	203699,89	7569085,94	H
46	60810	183800	203387,05	7569109,95	H
46	60810	183801	203529,77	7569169,07	H
46	60810	183802	203414,26	7569094,24	H
46	60810	1839	203431,85	7569084,09	V
46	60810	184200	203414,26	7569094,24	H
46	60810	184201	203542,29	7569158,56	H
46	60810	184301	203351,84	7569130,28	H
46	60810	184302	203317,92	7569149,86	H
46	60810	190100	201955,83	7568450,76	H
46	60810	190101	202998,35	7569004,00	H
46	60810	190102	203204,07	7569044,81	H
46	60810	190201	203195,93	7569047,77	H
46	60810	1904	203206,69	7569130,95	H
46	60810	1913	203176,32	7568877,12	V
46	60810	192100	203120,98	7568908,38	H
46	60810	192101	203127,01	7568937,01	H
46	60810	192200	203090,61	7568852,14	H
46	60810	192201	203042,47	7568768,42	H
46	60810	192202	203116,73	7568837,36	H
46	60810	192300	203154,34	7568816,73	H
46	60810	192301	203213,70	7568761,79	H
46	60810	192302	203238,81	7568910,98	H
46	60810	192303	203218,25	7568813,89	H
46	60810	192400	203135,19	7568869,34	H
46	60810	192401	203107,20	7568753,21	H
46	60810	192402	203202,78	7568879,32	H
46	60810	192403	203183,67	7568736,13	H
46	60810	192500	203129,73	7568430,20	H
46	60810	192501	203221,45	7568850,38	H
46	60810	192502	203238,81	7568870,26	H
46	60810	1926	203332,89	7568815,94	V
46	60810	1927	203186,12	7568852,19	H
46	60810	192801	203147,18	7568797,05	H
46	60810	192802	203144,39	7568936,28	H
46	60810	192803	203333,57	7568511,39	H
46	60810	193300	203154,34	7568816,73	H
46	60810	193301	203173,21	7568908,13	H
46	60810	193302	203238,81	7568934,73	H
46	60810	193400	203163,96	7568624,33	H
46	60810	193402	203364,91	7568578,20	H
46	60810	193403	203372,81	7568680,63	H
46	60810	193501	203143,93	7568845,34	H
46	60810	193502	203111,55	7568921,55	H
46	60810	1936	203133,56	7568933,95	V
46	60810	194000	203164,34	7568889,11	H
46	60810	194001	203187,80	7568960,46	H
46	60810	194002	203098,54	7568748,01	H
46	60810	194100	203166,57	7568900,69	H
46	60810	194101	203151,61	7568897,78	H
46	60810	194200	203139,94	7568930,98	H
46	60810	194201	203128,49	7568938,49	H
46	60810	194202	203135,19	7568869,34	H
46	60810	194300	203115,11	7568901,39	H
46	60810	194301	203127,65	7568890,06	V
46	60810	1947	203132,83	7568653,29	H
46	60810	194800	203163,96	7568624,33	H
46	60810	194801	203130,19	7568815,87	H
46	60810	194802	203179,12	7568904,72	H
46	60810	2006	203576,23	7567114,26	H
46	60810	2124	202883,16	7568830,33	H
46	60810	2125	202457,11	7568755,21	H
49	250710	1835	203848,97	7568847,05	V
49	250710	183600	203726,05	7568841,26	V
49	250710	183601	203726,72	7568841,02	H
49	260710	1800	203747,05	7568868,39	A
49	260710	183200	203910,01	7568941,35	V
49	260710	183201	203910,01	7568897,57	V
49	260710	1833	203840,08	7568966,42	V
49	260710	1835	203638,99	7568675,66	V
49	260710	1839	203506,80	7568697,57	V
49	260710	1851	203196,04	7568918,26	H
49	250710	1830	203905,88	7568785,65	V
49	250710	182900	203899,35	7568803,60	H
49	250710	182901	203899,35	7568803,60	H
49	260710	1819	203799,77	7568905,68	H
49	260710	183200	203921,66	7568806,32	V
49	260710	183201	203986,98	7568985,79	V
49	260710	183202	204087,06	7569260,76	V
49	260710	183204	203910,32	7568775,15	V
49	260710	1833	203910,01	7568941,35	V
49	260710	183900	203307,04	7568880,63	V
49	260710	183901	203494,23	7568847,62	V
50	110710	1800	203505,33	7567984,97	A
50	150710	1726	202000,56	7567896,09	A
50	150710	182500	201986,24	7567841,63	H
50	150710	182501	202099,68	7567894,52	H
50	150710	1827	202056,24	7567848,14	H
50	150710	1829	202124,02	7567910,20	H
50	150710	2042	202469,16	7568253,97	V
50	150710	2045	202461,38	7568360,96	V
50	150710	2050	202470,81	7568262,82	V
50	150710	2128	202461,56	7568278,14	H
50	150710	2129	202455,45	7568278,14	V
50	150710	2145	202396,32	7568244,06	H
50	150710	2202	202161,49	7567963,53	H
50	150710	2208	202305,32	7568064,23	V
50	160710	1832	202080,53	7567884,02	H
50	160710	1833	202000,18	7567793,15	H
50	160710	1834	202105,52	7567901,02	H
50	160710	1836	202127,96	7567939,88	H
50	160710	1837	202103,82	7568236,79	H
50	160710	1845	202156,93	7568111,60	V
50	160710	1856	202171,23	7568027,94	H
50	160710	1857	202165,71	7568055,24	H
50	160710	1858	202129,40	7568236,63	H
50	160710	1859	202107,89	7568014,60	H
50	160710	1901	202109,56	7568029,56	V
50	160710	1922	202129,40	7568151,61	H
50	160710	1923	202204,73	7568194,39	H
50	160710	1924	202183,94	7568056,88	H
50	160710	1925	202187,66	7568046,94	H
50	160710	1926	202179,46	7568042,21	H
50	160710	1927	202250,67	7567987,99	H
50	160710	1949	202192,66	7568037,93	H
50	160710	1951	202183,62	7568157,83	V
50	160710	1954	202129,40	7568018,69	H
50	160710	1955	202290,98	7568131,83	H
50	160710	1956	202166,27	7568044,51	H
50	160710	203600	202199,09	7567987,99	H
50	160710	203601	202187,66	7568046,94	H
50	160710	2037	202139,66	7568033,38	H
50	160710	2038	202129,40	7568093,84	H
50	160710	2039	202126,49	7568022,33	H
50	170710	1824	203679,78	7568147,77	H
50	170710	1841	203510,05	7567964,80	H
50	170710	191100	202268,75	7568170,33	H
50	170710	1913	202256,42	7568085,52	V
50	170710	1935	202207,81	7568064,79	H
50	170710	1937	202184,19	7568069,80	H
50	170710	1938	202170,48	7568305,87	H
50	170710	1939	202144,59	7567957,61	H
50	170710	1940	202455,95	7568516,41	V
50	170710	2033	202166,93	7567939,14	H
50	170710	203400	202070,08	7567960,82	H
50	170710	203401	202005,77	7567849,44	H
50	170710	2043	202051,59	7567852,94	V
50	170710	204800	202029,65	7567858,59	H
50	170710	204801	202134,03	7567852,94	H
50	170710	204802	202168,26	7567888,76	H
50	170710	2105	202209,56	7567962,73	V
50	170710	212100	202184,08	7568109,66	H
50	170710	212101	202111,07	7568022,65	H
50	170710	212102	202150,71	7568069,89	H
50	170710	212103	202348,39	7568305,47	H
50	170710	2123	202140,55	7568095,37	H
50	170710	2125	202128,31	7568074,17	H
50	180710	1821	202056,75	7567884,59	V
50	180710	1826	201989,25	7567824,35	H
50	180710	1827	201906,40	7567991,63	H
50	180710	1828	202058,48	7567812,45	H
50	180710	1829	202050,06	7567812,45	H
50	180710	1830	201996,43	7567863,06	H
50	180710	1857	202282,89	7568394,58	H
50	180710	192800	202119,60	7567984,44	H
50	180710	192801	202136,98	7567985,96	H
50	180710	192802	202124,17	7567984,84	H
50	180710	192900	202138,37	7568038,99	H
50	180710	192901	202138,37	7568038,99	H
62	180709	1847	204692,84	7568524,89	H
62	180709	1845	204671,48	7568526,71	V
62	180709	1935	204672,35	7568526,65	H
62	180709	1625	204677,00	7568553,91	V
62	180709	1800	204676,95	7568542,34	A
62	180709	182900	204691,41	7568509,81	H
62	180709	183000	204678,17	7568532,29	V
62	180709	184500	204679,20	7568528,92	H
62	180709	190700	204694,64	7568541,15	H
62	180709	192100	204679,13	7568530,46	H
62	180709	192300	204901,61	7568712,37	V
62	180709	193500	204673,52	7568526,90	H
62	180709	193400	204738,92	7568592,30	V
62	190709		204685,06	7568608,96	H
62	190709		204664,84	7568573,52	V
62	190709		204622,28	7568449,30	H
62	210709		204447,80	7568524,37	H
62	210709		204712,91	7568544,60	H
62	210709		204447,80	7568524,37	H
62	210709		204712,91	7568544,60	H
62	210709		204607,81	7568594,90	H
62	210709		204636,27	7568543,10	V
64	40809	1820	203608,78	7567977,37	H
64	40809	1821	203542,81	7567915,86	H
64	40809	1826	203634,92	7568039,62	H
64	40809	182704	203512,59	7567757,39	H
64	40809	182707	203566,11	7567850,10	H
64	60809	1817	203418,98	7568017,52	H
64	60809	1818	203510,54	7568011,02	V
64	60809	1821	203551,62	7567969,24	H
64	60809	1822	203550,63	7568072,84	H
64	60809	182300	203418,98	7568017,52	V
64	60809	182301	203460,66	7568039,82	H
64	60809	182401	203549,97	7568061,67	H
64	60809	182500	203583,53	7567997,70	H
64	60809	182501	203478,05	7568111,09	H
64	60809	182600	203529,88	7568065,21	H
64	60809	182601	203529,88	7568065,21	H
64	60809	1827	203515,43	7568039,82	V
64	60809	1831	203473,28	7568075,19	V
64	60809	1832	203563,36	7567999,60	V
64	60809	1833	203473,28	7568075,19	H
64	60809	183700	203598,12	7568004,50	H
64	60809	183701	203551,19	7568039,82	H
64	60809	1838	203602,16	7567954,36	V
64	60809	1839	203585,75	7567988,95	H
64	60809	1840	203579,91	7568005,62	V
64	70809	1800	203560,40	7568019,93	A
64	70809	1810	203582,82	7567961,95	H
64	70809	181100	203561,64	7567974,18	H
64	70809	181101	203618,96	7567941,08	H
64	70809	181102	203601,45	7567951,19	H
64	70809	181103	203601,45	7567951,19	V
64	70809	1812	203597,03	7567945,92	H
64	70809	1813	203592,00	7567939,92	H
64	70809	1821	203019,21	7568156,23	H
64	70809	1822	203520,16	7568067,90	V
64	70809	1823	203480,26	7568040,01	H
64	70809	1825	203474,90	7567946,46	H
64	70809	1826	203601,45	7567951,19	H
64	70809	1827	203598,22	7567974,87	V
64	70809	1828	203447,00	7568040,37	V
64	70809	1829	203374,22	7568150,31	H
64	70809	1832	203226,74	7568417,57	H
64	70809	1833	203477,64	7568005,34	H
64	70809	1834	203574,96	7567981,87	V
64	70809	1835	203543,05	7568040,61	V
64	70809	1836	203587,29	7567998,87	V
64	70809	183700	203598,24	7567962,33	H
64	70809	183701	203608,68	7568001,34	H
64	70809	1838	203594,52	7567971,76	V
64	70809	183900	203637,04	7567932,57	H
64	70809	183901	203606,80	7567920,01	H
64	80809	1821	203555,38	7567755,87	V
64	80809	1823	203472,08	7567772,45	V
64	80809	182500	203464,54	7567766,13	H
64	80809	182501	203420,10	7567728,84	H
64	80809	182600	203456,52	7567728,39	H
64	80809	182601	203442,58	7567729,58	H
64	80809	1827	203422,54	7567764,30	H
64	80809	1828	203453,15	7567711,29	H
64	80809	1829	203465,66	7567689,62	H
64	80809	1830	203431,88	7567748,13	H
64	40809	1522	204582,37	7565651,67	V
64	80809	1200	203546,97	7567984,44	V
64	40809	1200	203642,79	7565963,14	A
65	110709	1200	203480,83	7567811,04	H
65	120709	1800	203441,38	7567790,95	A
65	120709	1832	203472,22	7567790,46	V
65	120709	2148	203389,13	7565973,95	V
65	120709	2202	203422,65	7565926,07	V
65	120709	2216	203431,83	7565961,13	V
65	130709	1834	203544,29	7567706,96	H
65	130709	1835	203547,05	7567705,96	H
65	130709	183600	203361,44	7567636,86	H
65	130709	183601	203434,05	7567544,58	V
65	130709	1840	203531,15	7567672,90	H
65	130709	1841	203565,20	7567438,80	H
65	130709	1842	203548,69	7567638,25	H
65	130709	1914	203424,40	7566065,04	V
65	130709	1919	203427,39	7566053,03	H
65	130709	2003	203429,54	7566061,22	H
65	130709	2006	203423,48	7566064,04	V
65	130709	2103	203554,94	7564581,33	V
65	130709	2111	203142,88	7565306,76	H
65	130709	2125	203500,05	7565739,93	H
65	140709	1915	203141,99	7565272,05	V
65	140709	1954	203547,03	7564718,15	H
65	140709	2004	203611,55	7563980,67	H
65	140709	2006	203304,92	7565719,68	H
65	140709	2008	203389,13	7565137,87	H
65	140709	2010	203585,51	7565176,92	V
65	140709	2029	203429,47	7563846,64	V
65	140709	2035	203429,47	7565013,31	H
65	140709	2036	203226,88	7565305,81	H
65	140709	2128	202987,20	7565267,76	H
65	140709	2129	202869,29	7564827,73	H
65	140709	2130	203105,19	7565472,13	H
65	140709	2154	203405,57	7565852,75	H
65	140709	215600	202987,20	7565267,76	H
65	140709	215601	203299,51	7565750,34	H
65	140709	221200	203496,29	7565422,05	V
66	290700	1800	203454,28	7567794,87	A
66	290709	1843	203521,78	7567819,31	H
66	290709	1906	203518,20	7567743,23	H
66	290709	2029	203394,53	7565675,56	V
66	290709	2036	203667,52	7565333,01	V
66	290709	204000	203416,53	7566119,35	H
66	290709	204001	203527,29	7565994,94	H
66	290709	2045	203421,91	7566112,26	V
66	290709	2051	203437,34	7566112,28	H
66	290709	2053	203439,92	7566111,49	V
66	290709	2126	203440,79	7566021,60	H
66	290709	2127	203440,79	7566028,33	H
66	290709	2129	203415,81	7565962,37	H
66	290709	2130	203354,89	7565874,11	V
66	290709	2144	207011,98	7556363,65	H
66	290709	2145	203781,39	7565170,42	V
66	290709	2200	203551,39	7566091,91	H
66	290709	2204	203500,24	7566077,48	H
66	290709	2205	203471,75	7566059,29	V
66	290709	2236	203481,45	7566054,92	H
66	300709	1844	203454,89	7567763,31	H
66	300709	1846	203437,17	7567865,17	H
66	300709	1913	203591,86	7565633,27	V
66	300709	1915	203591,86	7565633,27	V
66	300709	1932	203395,71	7566079,42	H
66	300709	1933	203412,59	7565832,84	H
66	300709	193400	203356,70	7565917,23	H
66	300709	193401	203416,33	7566083,05	H
66	300709	1937	203395,71	7566079,42	H
66	300709	1939	203429,14	7566031,95	V
66	300709	2001	203380,90	7565946,06	H
66	300709	2003	203380,90	7565946,06	V
66	300709	2020	203369,83	7566074,85	V
66	300709	2029	203356,13	7565970,69	H
66	300709	2058	203403,21	7566060,77	H
66	300709	205900	203422,81	7566067,90	H
66	300709	205901	203481,10	7565937,59	H
66	300709	2100	203412,59	7566043,47	H
66	300709	2101	203434,56	7566056,15	V
66	300709	2104	203545,65	7565895,35	H
66	300709	2113	203321,33	7565875,08	H
66	300709	2120	203427,64	7566069,66	H
66	310709	1837	203577,14	7567792,59	H
66	310709	183800	206291,83	7567226,58	V
66	310709	183801	203878,37	7567652,13	V
66	310709	1846	203646,27	7567817,75	H
66	310709	190400	203536,69	7566154,42	H
66	310709	190401	203565,79	7566204,81	H
66	310709	1924	203696,49	7566619,09	V
66	310709	194500	203472,81	7566126,35	H
66	310709	194501	203472,81	7566034,19	H
66	310709	195700	203524,65	7566074,95	H
66	310709	195701	203477,30	7566092,54	H
66	310709	1958	203478,76	7566071,18	H
66	310709	1959	203477,31	7566092,55	H
66	310709	200000	203487,86	7566078,82	H
66	310709	200001	203487,86	7566078,82	V
66	310709	2012	203472,82	7565952,23	H
66	310709	2013	203482,94	7566077,10	H
66	310709	2014	203544,56	7566044,69	V
66	310709	2039	203525,22	7566042,44	H
66	310709	2040	203561,97	7565977,57	H
66	310709	2041	203472,83	7565952,24	H
66	310709	204900	203540,88	7566023,79	H
66	310709	204901	203472,83	7566068,62	H
66	310709	205100	203484,99	7566078,82	V
66	310709	205101	203486,94	7566080,46	V
66	10809	183800	203528,74	7567943,09	H
66	10809	183801	203660,86	7567818,88	H
66	10809	1839	203529,49	7567795,92	H
66	10809	1840	203994,12	7567186,66	V
66	10809	1841	203479,87	7567824,69	H
66	10809	1842	203554,55	7567828,52	H
66	10809	1843	203653,21	7567430,43	H
66	10809	1844	203593,85	7567764,20	H
66	10809	193600	203647,86	7565795,61	H
66	10809	193601	203577,80	7565848,14	H
66	10809	194000	203435,64	7565956,31	H
66	10809	194001	203421,40	7565504,14	V
66	10809	195500	203529,43	7566119,03	H
66	10809	195501	203443,11	7566088,03	H
66	10809	1956	203446,96	7566050,01	V
66	10809	2021	203498,31	7565985,82	H
66	10809	202200	203421,40	7566028,56	H
66	10809	202201	203440,16	7566012,64	H
66	10809	202202	203421,40	7566056,97	H
66	10809	202203	203465,43	7566042,76	H
66	10809	202300	203504,46	7565975,17	H
66	10809	202301	203632,12	7565540,09	H
66	10809	2024	203557,56	7565803,85	V
66	20809	1855	203756,32	7567808,06	H
66	20809	1859	203437,23	7567832,98	H
66	20809	192501	203506,14	7566009,02	H
66	20809	192502	203473,35	7566066,47	H
66	20809	192503	203474,37	7566040,43	H
66	20809	192600	203533,17	7566032,12	H
66	20809	192601	203585,72	7565932,55	H
66	20809	192602	203594,48	7565882,85	V
66	20809	1942	203547,25	7566053,06	H
66	20809	195400	203465,55	7566029,91	H
66	20809	195401	203433,15	7566032,74	H
66	20809	195402	203244,93	7565601,80	H
66	20809	1955	203465,89	7565898,43	H
66	20809	1956	203481,07	7565940,12	V
66	20809	2018	203442,35	7565517,05	V
66	20809	2019	203513,04	7565917,95	V
66	20809	204100	203475,42	7565924,61	H
66	20809	204101	203550,67	7565497,87	H
66	20809	2042	203500,48	7565895,23	V
66	20809	2046	203524,67	7566014,07	H
66	20809	2047	203494,82	7565814,61	H
